"County","State","fips","state_num"
"Abbeville County","SC",45001,45
"Acadia Parish","LA",22001,22
"Accomack County","VA",51001,51
"Ada County","ID",16001,16
"Adair County","KY",21001,21
"Adair County","OK",40001,40
"Adams County","ID",16003,16
"Adams County","IL",17001,17
"Adams County","IN",18001,18
"Adams County","ND",38001,38
"Adams County","NE",31001,31
"Adams County","OH",39001,39
"Adams County","PA",42001,42
"Adams County","WA",53001,53
"Aiken County","SC",45003,45
"Aitkin County","MN",27001,27
"Alachua County","FL",12001,12
"Alamance County","NC",37001,37
"Albany County","NY",36001,36
"Albany County","WY",56001,56
"Albemarle County","VA",51003,51
"Alcona County","MI",26001,26
"Alexander County","IL",17003,17
"Alexander County","NC",37003,37
"Alexandria city","VA",51510,51
"Alfalfa County","OK",40003,40
"Alger County","MI",26003,26
"Allegan County","MI",26005,26
"Allegany County","MD",24001,24
"Allegany County","NY",36003,36
"Alleghany County","NC",37005,37
"Alleghany County","VA",51005,51
"Allegheny County","PA",42003,42
"Allen County","IN",18003,18
"Allen County","KS",20001,20
"Allen County","KY",21003,21
"Allen County","OH",39003,39
"Allen Parish","LA",22003,22
"Allendale County","SC",45005,45
"Alpena County","MI",26007,26
"Amelia County","VA",51007,51
"Amherst County","VA",51009,51
"Anderson County","KS",20003,20
"Anderson County","KY",21005,21
"Anderson County","SC",45007,45
"Anderson County","TN",47001,47
"Anderson County","TX",48001,48
"Andrews County","TX",48003,48
"Angelina County","TX",48005,48
"Anne Arundel County","MD",24003,24
"Anoka County","MN",27003,27
"Anson County","NC",37007,37
"Antelope County","NE",31003,31
"Antrim County","MI",26009,26
"Appomattox County","VA",51011,51
"Aransas County","TX",48007,48
"Archer County","TX",48009,48
"Arenac County","MI",26011,26
"Arlington County","VA",51013,51
"Armstrong County","PA",42005,42
"Armstrong County","TX",48011,48
"Arthur County","NE",31005,31
"Ascension Parish","LA",22005,22
"Ashe County","NC",37009,37
"Ashland County","OH",39005,39
"Ashtabula County","OH",39007,39
"Asotin County","WA",53003,53
"Assumption Parish","LA",22007,22
"Atascosa County","TX",48013,48
"Atchison County","KS",20005,20
"Athens County","OH",39009,39
"Atlantic County","NJ",34001,34
"Atoka County","OK",40005,40
"Auglaize County","OH",39011,39
"Augusta County","VA",51015,51
"Aurora County","SD",46003,46
"Austin County","TX",48015,48
"Avery County","NC",37011,37
"Avoyelles Parish","LA",22009,22
"Bailey County","TX",48017,48
"Baker County","FL",12003,12
"Baker County","OR",41001,41
"Ballard County","KY",21007,21
"Baltimore city","MD",24510,24
"Baltimore County","MD",24005,24
"Bamberg County","SC",45009,45
"Bandera County","TX",48019,48
"Banner County","NE",31007,31
"Bannock County","ID",16005,16
"Baraga County","MI",26013,26
"Barber County","KS",20007,20
"Barbour County","WV",54001,54
"Barnes County","ND",38003,38
"Barnstable County","MA",25001,25
"Barnwell County","SC",45011,45
"Barren County","KY",21009,21
"Barry County","MI",26015,26
"Bartholomew County","IN",18005,18
"Barton County","KS",20009,20
"Bastrop County","TX",48021,48
"Bath County","KY",21011,21
"Bath County","VA",51017,51
"Bay County","FL",12005,12
"Bay County","MI",26017,26
"Baylor County","TX",48023,48
"Beadle County","SD",46005,46
"Bear Lake County","ID",16007,16
"Beaufort County","NC",37013,37
"Beaufort County","SC",45013,45
"Beauregard Parish","LA",22011,22
"Beaver County","OK",40007,40
"Beaver County","PA",42007,42
"Beaver County","UT",49001,49
"Beaverhead County","MT",30001,30
"Becker County","MN",27005,27
"Beckham County","OK",40009,40
"Bedford County","PA",42009,42
"Bedford County","TN",47003,47
"Bedford County","VA",51019,51
"Bee County","TX",48025,48
"Bell County","KY",21013,21
"Bell County","TX",48027,48
"Belmont County","OH",39013,39
"Beltrami County","MN",27007,27
"Benewah County","ID",16009,16
"Bennett County","SD",46007,46
"Benson County","ND",38005,38
"Benton County","IN",18007,18
"Benton County","MN",27009,27
"Benton County","OR",41003,41
"Benton County","TN",47005,47
"Benton County","WA",53005,53
"Benzie County","MI",26019,26
"Bergen County","NJ",34003,34
"Berkeley County","SC",45015,45
"Berkeley County","WV",54003,54
"Berks County","PA",42011,42
"Berkshire County","MA",25003,25
"Bernalillo County","NM",35001,35
"Berrien County","MI",26021,26
"Bertie County","NC",37015,37
"Bexar County","TX",48029,48
"Bienville Parish","LA",22013,22
"Big Horn County","MT",30003,30
"Big Horn County","WY",56003,56
"Big Stone County","MN",27011,27
"Billings County","ND",38007,38
"Bingham County","ID",16011,16
"Blackford County","IN",18009,18
"Bladen County","NC",37017,37
"Blaine County","ID",16013,16
"Blaine County","MT",30005,30
"Blaine County","NE",31009,31
"Blaine County","OK",40011,40
"Blair County","PA",42013,42
"Blanco County","TX",48031,48
"Bland County","VA",51021,51
"Bledsoe County","TN",47007,47
"Blount County","TN",47009,47
"Blue Earth County","MN",27013,27
"Boise County","ID",16015,16
"Bon Homme County","SD",46009,46
"Bond County","IL",17005,17
"Bonner County","ID",16017,16
"Bonneville County","ID",16019,16
"Boone County","IL",17007,17
"Boone County","IN",18011,18
"Boone County","KY",21015,21
"Boone County","NE",31011,31
"Boone County","WV",54005,54
"Borden County","TX",48033,48
"Bosque County","TX",48035,48
"Bossier Parish","LA",22015,22
"Botetourt County","VA",51023,51
"Bottineau County","ND",38009,38
"Boundary County","ID",16021,16
"Bourbon County","KS",20011,20
"Bourbon County","KY",21017,21
"Bowie County","TX",48037,48
"Bowman County","ND",38011,38
"Box Butte County","NE",31013,31
"Box Elder County","UT",49003,49
"Boyd County","KY",21019,21
"Boyd County","NE",31015,31
"Boyle County","KY",21021,21
"Bracken County","KY",21023,21
"Bradford County","FL",12007,12
"Bradford County","PA",42015,42
"Bradley County","TN",47011,47
"Branch County","MI",26023,26
"Braxton County","WV",54007,54
"Brazoria County","TX",48039,48
"Brazos County","TX",48041,48
"Breathitt County","KY",21025,21
"Breckinridge County","KY",21027,21
"Brevard County","FL",12009,12
"Brewster County","TX",48043,48
"Briscoe County","TX",48045,48
"Bristol city","VA",51520,51
"Bristol County","MA",25005,25
"Bristol County","RI",44001,44
"Broadwater County","MT",30007,30
"Bronx County","NY",36005,36
"Brooke County","WV",54009,54
"Brookings County","SD",46011,46
"Brooks County","TX",48047,48
"Broome County","NY",36007,36
"Broward County","FL",12011,12
"Brown County","IL",17009,17
"Brown County","IN",18013,18
"Brown County","KS",20013,20
"Brown County","MN",27015,27
"Brown County","NE",31017,31
"Brown County","OH",39015,39
"Brown County","SD",46013,46
"Brown County","TX",48049,48
"Brule County","SD",46015,46
"Brunswick County","NC",37019,37
"Brunswick County","VA",51025,51
"Bryan County","OK",40013,40
"Buchanan County","VA",51027,51
"Buckingham County","VA",51029,51
"Bucks County","PA",42017,42
"Buena Vista city","VA",51530,51
"Buffalo County","NE",31019,31
"Buffalo County","SD",46017,46
"Bullitt County","KY",21029,21
"Buncombe County","NC",37021,37
"Bureau County","IL",17011,17
"Burke County","NC",37023,37
"Burke County","ND",38013,38
"Burleigh County","ND",38015,38
"Burleson County","TX",48051,48
"Burlington County","NJ",34005,34
"Burnet County","TX",48053,48
"Burt County","NE",31021,31
"Butler County","KS",20015,20
"Butler County","KY",21031,21
"Butler County","NE",31023,31
"Butler County","OH",39017,39
"Butler County","PA",42019,42
"Butte County","ID",16023,16
"Butte County","SD",46019,46
"Cabarrus County","NC",37025,37
"Cabell County","WV",54011,54
"Cache County","UT",49005,49
"Caddo County","OK",40015,40
"Caddo Parish","LA",22017,22
"Calcasieu Parish","LA",22019,22
"Caldwell County","KY",21033,21
"Caldwell County","NC",37027,37
"Caldwell County","TX",48055,48
"Caldwell Parish","LA",22021,22
"Calhoun County","FL",12013,12
"Calhoun County","IL",17013,17
"Calhoun County","MI",26025,26
"Calhoun County","SC",45017,45
"Calhoun County","TX",48057,48
"Calhoun County","WV",54013,54
"Callahan County","TX",48059,48
"Calloway County","KY",21035,21
"Calvert County","MD",24009,24
"Camas County","ID",16025,16
"Cambria County","PA",42021,42
"Camden County","NC",37029,37
"Camden County","NJ",34007,34
"Cameron County","PA",42023,42
"Cameron County","TX",48061,48
"Cameron Parish","LA",22023,22
"Camp County","TX",48063,48
"Campbell County","KY",21037,21
"Campbell County","SD",46021,46
"Campbell County","TN",47013,47
"Campbell County","VA",51031,51
"Campbell County","WY",56005,56
"Canadian County","OK",40017,40
"Cannon County","TN",47015,47
"Canyon County","ID",16027,16
"Cape May County","NJ",34009,34
"Carbon County","MT",30009,30
"Carbon County","PA",42025,42
"Carbon County","UT",49007,49
"Carbon County","WY",56007,56
"Caribou County","ID",16029,16
"Carlisle County","KY",21039,21
"Carlton County","MN",27017,27
"Caroline County","MD",24011,24
"Caroline County","VA",51033,51
"Carroll County","IL",17015,17
"Carroll County","IN",18015,18
"Carroll County","KY",21041,21
"Carroll County","MD",24013,24
"Carroll County","OH",39019,39
"Carroll County","TN",47017,47
"Carroll County","VA",51035,51
"Carson City","NV",32510,32
"Carson County","TX",48065,48
"Carter County","KY",21043,21
"Carter County","MT",30011,30
"Carter County","OK",40019,40
"Carter County","TN",47019,47
"Carteret County","NC",37031,37
"Carver County","MN",27019,27
"Cascade County","MT",30013,30
"Casey County","KY",21045,21
"Cass County","IL",17017,17
"Cass County","IN",18017,18
"Cass County","MI",26027,26
"Cass County","MN",27021,27
"Cass County","ND",38017,38
"Cass County","NE",31025,31
"Cass County","TX",48067,48
"Cassia County","ID",16031,16
"Castro County","TX",48069,48
"Caswell County","NC",37033,37
"Catahoula Parish","LA",22025,22
"Catawba County","NC",37035,37
"Catron County","NM",35003,35
"Cattaraugus County","NY",36009,36
"Cavalier County","ND",38019,38
"Cayuga County","NY",36011,36
"Cecil County","MD",24015,24
"Cedar County","NE",31027,31
"Centre County","PA",42027,42
"Chambers County","TX",48071,48
"Champaign County","IL",17019,17
"Champaign County","OH",39021,39
"Charles City County","VA",51036,51
"Charles County","MD",24017,24
"Charles Mix County","SD",46023,46
"Charleston County","SC",45019,45
"Charlevoix County","MI",26029,26
"Charlotte County","FL",12015,12
"Charlotte County","VA",51037,51
"Charlottesville city","VA",51540,51
"Chase County","KS",20017,20
"Chase County","NE",31029,31
"Chatham County","NC",37037,37
"Chautauqua County","KS",20019,20
"Chautauqua County","NY",36013,36
"Chaves County","NM",35005,35
"Cheatham County","TN",47021,47
"Cheboygan County","MI",26031,26
"Chelan County","WA",53007,53
"Chemung County","NY",36015,36
"Chenango County","NY",36017,36
"Cherokee County","KS",20021,20
"Cherokee County","NC",37039,37
"Cherokee County","OK",40021,40
"Cherokee County","SC",45021,45
"Cherokee County","TX",48073,48
"Cherry County","NE",31031,31
"Chesapeake city","VA",51550,51
"Chester County","PA",42029,42
"Chester County","SC",45023,45
"Chester County","TN",47023,47
"Chesterfield County","SC",45025,45
"Chesterfield County","VA",51041,51
"Cheyenne County","KS",20023,20
"Cheyenne County","NE",31033,31
"Childress County","TX",48075,48
"Chippewa County","MI",26033,26
"Chippewa County","MN",27023,27
"Chisago County","MN",27025,27
"Choctaw County","OK",40023,40
"Chouteau County","MT",30015,30
"Chowan County","NC",37041,37
"Christian County","IL",17021,17
"Christian County","KY",21047,21
"Churchill County","NV",32001,32
"Cibola County","NM",35006,35
"Cimarron County","OK",40025,40
"Citrus County","FL",12017,12
"Clackamas County","OR",41005,41
"Claiborne County","TN",47025,47
"Claiborne Parish","LA",22027,22
"Clallam County","WA",53009,53
"Clare County","MI",26035,26
"Clarendon County","SC",45027,45
"Clarion County","PA",42031,42
"Clark County","ID",16033,16
"Clark County","IL",17023,17
"Clark County","IN",18019,18
"Clark County","KS",20025,20
"Clark County","KY",21049,21
"Clark County","NV",32003,32
"Clark County","OH",39023,39
"Clark County","SD",46025,46
"Clark County","WA",53011,53
"Clarke County","VA",51043,51
"Clatsop County","OR",41007,41
"Clay County","FL",12019,12
"Clay County","IL",17025,17
"Clay County","IN",18021,18
"Clay County","KS",20027,20
"Clay County","KY",21051,21
"Clay County","MN",27027,27
"Clay County","NC",37043,37
"Clay County","NE",31035,31
"Clay County","SD",46027,46
"Clay County","TN",47027,47
"Clay County","TX",48077,48
"Clay County","WV",54015,54
"Clearfield County","PA",42033,42
"Clearwater County","ID",16035,16
"Clearwater County","MN",27029,27
"Clermont County","OH",39025,39
"Cleveland County","NC",37045,37
"Cleveland County","OK",40027,40
"Clinton County","IL",17027,17
"Clinton County","IN",18023,18
"Clinton County","KY",21053,21
"Clinton County","MI",26037,26
"Clinton County","NY",36019,36
"Clinton County","OH",39027,39
"Clinton County","PA",42035,42
"Cloud County","KS",20029,20
"Coal County","OK",40029,40
"Cochran County","TX",48079,48
"Cocke County","TN",47029,47
"Codington County","SD",46029,46
"Coffee County","TN",47031,47
"Coffey County","KS",20031,20
"Coke County","TX",48081,48
"Coleman County","TX",48083,48
"Coles County","IL",17029,17
"Colfax County","NE",31037,31
"Colfax County","NM",35007,35
"Colleton County","SC",45029,45
"Collier County","FL",12021,12
"Collin County","TX",48085,48
"Collingsworth County","TX",48087,48
"Colonial Heights city","VA",51570,51
"Colorado County","TX",48089,48
"Columbia County","FL",12023,12
"Columbia County","NY",36021,36
"Columbia County","OR",41009,41
"Columbia County","PA",42037,42
"Columbia County","WA",53013,53
"Columbiana County","OH",39029,39
"Columbus County","NC",37047,37
"Comal County","TX",48091,48
"Comanche County","KS",20033,20
"Comanche County","OK",40031,40
"Comanche County","TX",48093,48
"Concho County","TX",48095,48
"Concordia Parish","LA",22029,22
"Converse County","WY",56009,56
"Cook County","IL",17031,17
"Cook County","MN",27031,27
"Cooke County","TX",48097,48
"Coos County","OR",41011,41
"Corson County","SD",46031,46
"Cortland County","NY",36023,36
"Coryell County","TX",48099,48
"Coshocton County","OH",39031,39
"Cottle County","TX",48101,48
"Cotton County","OK",40033,40
"Cottonwood County","MN",27033,27
"Covington city","VA",51580,51
"Cowley County","KS",20035,20
"Cowlitz County","WA",53015,53
"Craig County","OK",40035,40
"Craig County","VA",51045,51
"Crane County","TX",48103,48
"Craven County","NC",37049,37
"Crawford County","IL",17033,17
"Crawford County","IN",18025,18
"Crawford County","KS",20037,20
"Crawford County","MI",26039,26
"Crawford County","OH",39033,39
"Crawford County","PA",42039,42
"Creek County","OK",40037,40
"Crittenden County","KY",21055,21
"Crockett County","TN",47033,47
"Crockett County","TX",48105,48
"Crook County","OR",41013,41
"Crook County","WY",56011,56
"Crosby County","TX",48107,48
"Crow Wing County","MN",27035,27
"Culberson County","TX",48109,48
"Culpeper County","VA",51047,51
"Cumberland County","IL",17035,17
"Cumberland County","KY",21057,21
"Cumberland County","NC",37051,37
"Cumberland County","NJ",34011,34
"Cumberland County","PA",42041,42
"Cumberland County","TN",47035,47
"Cumberland County","VA",51049,51
"Cuming County","NE",31039,31
"Currituck County","NC",37053,37
"Curry County","NM",35009,35
"Curry County","OR",41015,41
"Custer County","ID",16037,16
"Custer County","MT",30017,30
"Custer County","NE",31041,31
"Custer County","OK",40039,40
"Custer County","SD",46033,46
"Cuyahoga County","OH",39035,39
"Daggett County","UT",49009,49
"Dakota County","MN",27037,27
"Dakota County","NE",31043,31
"Dallam County","TX",48111,48
"Dallas County","TX",48113,48
"Daniels County","MT",30019,30
"Danville city","VA",51590,51
"Dare County","NC",37055,37
"Darke County","OH",39037,39
"Darlington County","SC",45031,45
"Dauphin County","PA",42043,42
"Davidson County","NC",37057,37
"Davidson County","TN",47037,47
"Davie County","NC",37059,37
"Daviess County","IN",18027,18
"Daviess County","KY",21059,21
"Davis County","UT",49011,49
"Davison County","SD",46035,46
"Dawes County","NE",31045,31
"Dawson County","MT",30021,30
"Dawson County","NE",31047,31
"Dawson County","TX",48115,48
"Day County","SD",46037,46
"De Baca County","NM",35011,35
"De Soto Parish","LA",22031,22
"De Witt County","IL",17039,17
"Deaf Smith County","TX",48117,48
"Dearborn County","IN",18029,18
"Decatur County","IN",18031,18
"Decatur County","KS",20039,20
"Decatur County","TN",47039,47
"Deer Lodge County","MT",30023,30
"Defiance County","OH",39039,39
"DeKalb County","IL",17037,17
"DeKalb County","IN",18033,18
"DeKalb County","TN",47041,47
"Delaware County","IN",18035,18
"Delaware County","NY",36025,36
"Delaware County","OH",39041,39
"Delaware County","OK",40041,40
"Delaware County","PA",42045,42
"Delta County","MI",26041,26
"Delta County","TX",48119,48
"Denton County","TX",48121,48
"Deschutes County","OR",41017,41
"DeSoto County","FL",12027,12
"Deuel County","NE",31049,31
"Deuel County","SD",46039,46
"Dewey County","OK",40043,40
"Dewey County","SD",46041,46
"DeWitt County","TX",48123,48
"Dickens County","TX",48125,48
"Dickenson County","VA",51051,51
"Dickey County","ND",38021,38
"Dickinson County","KS",20041,20
"Dickinson County","MI",26043,26
"Dickson County","TN",47043,47
"Dillon County","SC",45033,45
"Dimmit County","TX",48127,48
"Dinwiddie County","VA",51053,51
"District of Columbia","DC",11001,11
"Divide County","ND",38023,38
"Dixie County","FL",12029,12
"Dixon County","NE",31051,31
"Doddridge County","WV",54017,54
"Dodge County","MN",27039,27
"Dodge County","NE",31053,31
"Dona Ana County","NM",35013,35
"Doniphan County","KS",20043,20
"Donley County","TX",48129,48
"Dorchester County","MD",24019,24
"Dorchester County","SC",45035,45
"Douglas County","IL",17041,17
"Douglas County","KS",20045,20
"Douglas County","MN",27041,27
"Douglas County","NE",31055,31
"Douglas County","NV",32005,32
"Douglas County","OR",41019,41
"Douglas County","SD",46043,46
"Douglas County","WA",53017,53
"Dubois County","IN",18037,18
"Duchesne County","UT",49013,49
"Dukes County","MA",25007,25
"Dundy County","NE",31057,31
"Dunn County","ND",38025,38
"DuPage County","IL",17043,17
"Duplin County","NC",37061,37
"Durham County","NC",37063,37
"Dutchess County","NY",36027,36
"Duval County","FL",12031,12
"Duval County","TX",48131,48
"Dyer County","TN",47045,47
"East Baton Rouge Parish","LA",22033,22
"East Carroll Parish","LA",22035,22
"East Feliciana Parish","LA",22037,22
"Eastland County","TX",48133,48
"Eaton County","MI",26045,26
"Ector County","TX",48135,48
"Eddy County","ND",38027,38
"Eddy County","NM",35015,35
"Edgar County","IL",17045,17
"Edgecombe County","NC",37065,37
"Edgefield County","SC",45037,45
"Edmonson County","KY",21061,21
"Edmunds County","SD",46045,46
"Edwards County","IL",17047,17
"Edwards County","KS",20047,20
"Edwards County","TX",48137,48
"Effingham County","IL",17049,17
"El Paso County","TX",48141,48
"Elk County","KS",20049,20
"Elk County","PA",42047,42
"Elkhart County","IN",18039,18
"Elko County","NV",32007,32
"Elliott County","KY",21063,21
"Ellis County","KS",20051,20
"Ellis County","OK",40045,40
"Ellis County","TX",48139,48
"Ellsworth County","KS",20053,20
"Elmore County","ID",16039,16
"Emery County","UT",49015,49
"Emmet County","MI",26047,26
"Emmons County","ND",38029,38
"Erath County","TX",48143,48
"Erie County","NY",36029,36
"Erie County","OH",39043,39
"Erie County","PA",42049,42
"Escambia County","FL",12033,12
"Esmeralda County","NV",32009,32
"Essex County","MA",25009,25
"Essex County","NJ",34013,34
"Essex County","NY",36031,36
"Essex County","VA",51057,51
"Estill County","KY",21065,21
"Eureka County","NV",32011,32
"Evangeline Parish","LA",22039,22
"Fairfax city","VA",51600,51
"Fairfax County","VA",51059,51
"Fairfield County","OH",39045,39
"Fairfield County","SC",45039,45
"Fall River County","SD",46047,46
"Fallon County","MT",30025,30
"Falls Church city","VA",51610,51
"Falls County","TX",48145,48
"Fannin County","TX",48147,48
"Faribault County","MN",27043,27
"Faulk County","SD",46049,46
"Fauquier County","VA",51061,51
"Fayette County","IL",17051,17
"Fayette County","IN",18041,18
"Fayette County","KY",21067,21
"Fayette County","OH",39047,39
"Fayette County","PA",42051,42
"Fayette County","TN",47047,47
"Fayette County","TX",48149,48
"Fayette County","WV",54019,54
"Fentress County","TN",47049,47
"Fergus County","MT",30027,30
"Ferry County","WA",53019,53
"Fillmore County","MN",27045,27
"Fillmore County","NE",31059,31
"Finney County","KS",20055,20
"Fisher County","TX",48151,48
"Flagler County","FL",12035,12
"Flathead County","MT",30029,30
"Fleming County","KY",21069,21
"Florence County","SC",45041,45
"Floyd County","IN",18043,18
"Floyd County","KY",21071,21
"Floyd County","TX",48153,48
"Floyd County","VA",51063,51
"Fluvanna County","VA",51065,51
"Foard County","TX",48155,48
"Ford County","IL",17053,17
"Ford County","KS",20057,20
"Forest County","PA",42053,42
"Forsyth County","NC",37067,37
"Fort Bend County","TX",48157,48
"Foster County","ND",38031,38
"Fountain County","IN",18045,18
"Franklin city","VA",51620,51
"Franklin County","FL",12037,12
"Franklin County","ID",16041,16
"Franklin County","IL",17055,17
"Franklin County","IN",18047,18
"Franklin County","KS",20059,20
"Franklin County","KY",21073,21
"Franklin County","MA",25011,25
"Franklin County","NC",37069,37
"Franklin County","NE",31061,31
"Franklin County","NY",36033,36
"Franklin County","OH",39049,39
"Franklin County","PA",42055,42
"Franklin County","TN",47051,47
"Franklin County","TX",48159,48
"Franklin County","VA",51067,51
"Franklin County","WA",53021,53
"Franklin Parish","LA",22041,22
"Frederick County","MD",24021,24
"Frederick County","VA",51069,51
"Fredericksburg city","VA",51630,51
"Freeborn County","MN",27047,27
"Freestone County","TX",48161,48
"Fremont County","ID",16043,16
"Fremont County","WY",56013,56
"Frio County","TX",48163,48
"Frontier County","NE",31063,31
"Fulton County","IL",17057,17
"Fulton County","IN",18049,18
"Fulton County","KY",21075,21
"Fulton County","NY",36035,36
"Fulton County","OH",39051,39
"Fulton County","PA",42057,42
"Furnas County","NE",31065,31
"Gadsden County","FL",12039,12
"Gage County","NE",31067,31
"Gaines County","TX",48165,48
"Galax city","VA",51640,51
"Gallatin County","IL",17059,17
"Gallatin County","KY",21077,21
"Gallatin County","MT",30031,30
"Gallia County","OH",39053,39
"Galveston County","TX",48167,48
"Garden County","NE",31069,31
"Garfield County","MT",30033,30
"Garfield County","NE",31071,31
"Garfield County","OK",40047,40
"Garfield County","UT",49017,49
"Garfield County","WA",53023,53
"Garrard County","KY",21079,21
"Garrett County","MD",24023,24
"Garvin County","OK",40049,40
"Garza County","TX",48169,48
"Gaston County","NC",37071,37
"Gates County","NC",37073,37
"Geary County","KS",20061,20
"Geauga County","OH",39055,39
"Gem County","ID",16045,16
"Genesee County","MI",26049,26
"Genesee County","NY",36037,36
"Georgetown County","SC",45043,45
"Gibson County","IN",18051,18
"Gibson County","TN",47053,47
"Gilchrist County","FL",12041,12
"Giles County","TN",47055,47
"Giles County","VA",51071,51
"Gillespie County","TX",48171,48
"Gilliam County","OR",41021,41
"Gilmer County","WV",54021,54
"Glacier County","MT",30035,30
"Glades County","FL",12043,12
"Gladwin County","MI",26051,26
"Glasscock County","TX",48173,48
"Gloucester County","NJ",34015,34
"Gloucester County","VA",51073,51
"Gogebic County","MI",26053,26
"Golden Valley County","MT",30037,30
"Golden Valley County","ND",38033,38
"Goliad County","TX",48175,48
"Gonzales County","TX",48177,48
"Goochland County","VA",51075,51
"Goodhue County","MN",27049,27
"Gooding County","ID",16047,16
"Goshen County","WY",56015,56
"Gosper County","NE",31073,31
"Gove County","KS",20063,20
"Grady County","OK",40051,40
"Graham County","KS",20065,20
"Graham County","NC",37075,37
"Grainger County","TN",47057,47
"Grand County","UT",49019,49
"Grand Forks County","ND",38035,38
"Grand Traverse County","MI",26055,26
"Granite County","MT",30039,30
"Grant County","IN",18053,18
"Grant County","KS",20067,20
"Grant County","KY",21081,21
"Grant County","MN",27051,27
"Grant County","ND",38037,38
"Grant County","NE",31075,31
"Grant County","NM",35017,35
"Grant County","OK",40053,40
"Grant County","OR",41023,41
"Grant County","SD",46051,46
"Grant County","WA",53025,53
"Grant County","WV",54023,54
"Grant Parish","LA",22043,22
"Granville County","NC",37077,37
"Gratiot County","MI",26057,26
"Graves County","KY",21083,21
"Gray County","KS",20069,20
"Gray County","TX",48179,48
"Grays Harbor County","WA",53027,53
"Grayson County","KY",21085,21
"Grayson County","TX",48181,48
"Grayson County","VA",51077,51
"Greeley County","KS",20071,20
"Greeley County","NE",31077,31
"Green County","KY",21087,21
"Greenbrier County","WV",54025,54
"Greene County","IL",17061,17
"Greene County","IN",18055,18
"Greene County","NC",37079,37
"Greene County","NY",36039,36
"Greene County","OH",39057,39
"Greene County","PA",42059,42
"Greene County","TN",47059,47
"Greene County","VA",51079,51
"Greensville County","VA",51081,51
"Greenup County","KY",21089,21
"Greenville County","SC",45045,45
"Greenwood County","KS",20073,20
"Greenwood County","SC",45047,45
"Greer County","OK",40055,40
"Gregg County","TX",48183,48
"Gregory County","SD",46053,46
"Griggs County","ND",38039,38
"Grimes County","TX",48185,48
"Grundy County","IL",17063,17
"Grundy County","TN",47061,47
"Guadalupe County","NM",35019,35
"Guadalupe County","TX",48187,48
"Guernsey County","OH",39059,39
"Guilford County","NC",37081,37
"Gulf County","FL",12045,12
"Haakon County","SD",46055,46
"Hale County","TX",48189,48
"Halifax County","NC",37083,37
"Halifax County","VA",51083,51
"Hall County","NE",31079,31
"Hall County","TX",48191,48
"Hamblen County","TN",47063,47
"Hamilton County","FL",12047,12
"Hamilton County","IL",17065,17
"Hamilton County","IN",18057,18
"Hamilton County","KS",20075,20
"Hamilton County","NE",31081,31
"Hamilton County","NY",36041,36
"Hamilton County","OH",39061,39
"Hamilton County","TN",47065,47
"Hamilton County","TX",48193,48
"Hamlin County","SD",46057,46
"Hampden County","MA",25013,25
"Hampshire County","MA",25015,25
"Hampshire County","WV",54027,54
"Hampton city","VA",51650,51
"Hampton County","SC",45049,45
"Hancock County","IL",17067,17
"Hancock County","IN",18059,18
"Hancock County","KY",21091,21
"Hancock County","OH",39063,39
"Hancock County","TN",47067,47
"Hancock County","WV",54029,54
"Hand County","SD",46059,46
"Hanover County","VA",51085,51
"Hansford County","TX",48195,48
"Hanson County","SD",46061,46
"Hardee County","FL",12049,12
"Hardeman County","TN",47069,47
"Hardeman County","TX",48197,48
"Hardin County","IL",17069,17
"Hardin County","KY",21093,21
"Hardin County","OH",39065,39
"Hardin County","TN",47071,47
"Hardin County","TX",48199,48
"Harding County","NM",35021,35
"Harding County","SD",46063,46
"Hardy County","WV",54031,54
"Harford County","MD",24025,24
"Harlan County","KY",21095,21
"Harlan County","NE",31083,31
"Harmon County","OK",40057,40
"Harnett County","NC",37085,37
"Harney County","OR",41025,41
"Harper County","KS",20077,20
"Harper County","OK",40059,40
"Harris County","TX",48201,48
"Harrison County","IN",18061,18
"Harrison County","KY",21097,21
"Harrison County","OH",39067,39
"Harrison County","TX",48203,48
"Harrison County","WV",54033,54
"Harrisonburg city","VA",51660,51
"Hart County","KY",21099,21
"Hartley County","TX",48205,48
"Harvey County","KS",20079,20
"Haskell County","KS",20081,20
"Haskell County","OK",40061,40
"Haskell County","TX",48207,48
"Hawkins County","TN",47073,47
"Hayes County","NE",31085,31
"Hays County","TX",48209,48
"Haywood County","NC",37087,37
"Haywood County","TN",47075,47
"Hemphill County","TX",48211,48
"Henderson County","IL",17071,17
"Henderson County","KY",21101,21
"Henderson County","NC",37089,37
"Henderson County","TN",47077,47
"Henderson County","TX",48213,48
"Hendricks County","IN",18063,18
"Hendry County","FL",12051,12
"Hennepin County","MN",27053,27
"Henrico County","VA",51087,51
"Henry County","IL",17073,17
"Henry County","IN",18065,18
"Henry County","KY",21103,21
"Henry County","OH",39069,39
"Henry County","TN",47079,47
"Henry County","VA",51089,51
"Herkimer County","NY",36043,36
"Hernando County","FL",12053,12
"Hertford County","NC",37091,37
"Hettinger County","ND",38041,38
"Hickman County","KY",21105,21
"Hickman County","TN",47081,47
"Hidalgo County","NM",35023,35
"Hidalgo County","TX",48215,48
"Highland County","OH",39071,39
"Highland County","VA",51091,51
"Highlands County","FL",12055,12
"Hill County","MT",30041,30
"Hill County","TX",48217,48
"Hillsborough County","FL",12057,12
"Hillsdale County","MI",26059,26
"Hitchcock County","NE",31087,31
"Hocking County","OH",39073,39
"Hockley County","TX",48219,48
"Hodgeman County","KS",20083,20
"Hoke County","NC",37093,37
"Holmes County","FL",12059,12
"Holmes County","OH",39075,39
"Holt County","NE",31089,31
"Hood County","TX",48221,48
"Hood River County","OR",41027,41
"Hooker County","NE",31091,31
"Hopewell city","VA",51670,51
"Hopkins County","KY",21107,21
"Hopkins County","TX",48223,48
"Horry County","SC",45051,45
"Hot Springs County","WY",56017,56
"Houghton County","MI",26061,26
"Houston County","MN",27055,27
"Houston County","TN",47083,47
"Houston County","TX",48225,48
"Howard County","IN",18067,18
"Howard County","MD",24027,24
"Howard County","NE",31093,31
"Howard County","TX",48227,48
"Hubbard County","MN",27057,27
"Hudson County","NJ",34017,34
"Hudspeth County","TX",48229,48
"Hughes County","OK",40063,40
"Hughes County","SD",46065,46
"Humboldt County","NV",32013,32
"Humphreys County","TN",47085,47
"Hunt County","TX",48231,48
"Hunterdon County","NJ",34019,34
"Huntingdon County","PA",42061,42
"Huntington County","IN",18069,18
"Huron County","MI",26063,26
"Huron County","OH",39077,39
"Hutchinson County","SD",46067,46
"Hutchinson County","TX",48233,48
"Hyde County","NC",37095,37
"Hyde County","SD",46069,46
"Iberia Parish","LA",22045,22
"Iberville Parish","LA",22047,22
"Idaho County","ID",16049,16
"Indian River County","FL",12061,12
"Indiana County","PA",42063,42
"Ingham County","MI",26065,26
"Ionia County","MI",26067,26
"Iosco County","MI",26069,26
"Iredell County","NC",37097,37
"Irion County","TX",48235,48
"Iron County","MI",26071,26
"Iron County","UT",49021,49
"Iroquois County","IL",17075,17
"Isabella County","MI",26073,26
"Isanti County","MN",27059,27
"Island County","WA",53029,53
"Isle of Wight County","VA",51093,51
"Itasca County","MN",27061,27
"Jack County","TX",48237,48
"Jackson County","FL",12063,12
"Jackson County","IL",17077,17
"Jackson County","IN",18071,18
"Jackson County","KS",20085,20
"Jackson County","KY",21109,21
"Jackson County","MI",26075,26
"Jackson County","MN",27063,27
"Jackson County","NC",37099,37
"Jackson County","OH",39079,39
"Jackson County","OK",40065,40
"Jackson County","OR",41029,41
"Jackson County","SD",46071,46
"Jackson County","TN",47087,47
"Jackson County","TX",48239,48
"Jackson County","WV",54035,54
"Jackson Parish","LA",22049,22
"James City County","VA",51095,51
"Jasper County","IL",17079,17
"Jasper County","IN",18073,18
"Jasper County","SC",45053,45
"Jasper County","TX",48241,48
"Jay County","IN",18075,18
"Jeff Davis County","TX",48243,48
"Jefferson County","FL",12065,12
"Jefferson County","ID",16051,16
"Jefferson County","IL",17081,17
"Jefferson County","IN",18077,18
"Jefferson County","KS",20087,20
"Jefferson County","KY",21111,21
"Jefferson County","MT",30043,30
"Jefferson County","NE",31095,31
"Jefferson County","NY",36045,36
"Jefferson County","OH",39081,39
"Jefferson County","OK",40067,40
"Jefferson County","OR",41031,41
"Jefferson County","PA",42065,42
"Jefferson County","TN",47089,47
"Jefferson County","TX",48245,48
"Jefferson County","WA",53031,53
"Jefferson County","WV",54037,54
"Jefferson Davis Parish","LA",22053,22
"Jefferson Parish","LA",22051,22
"Jennings County","IN",18079,18
"Jerauld County","SD",46073,46
"Jerome County","ID",16053,16
"Jersey County","IL",17083,17
"Jessamine County","KY",21113,21
"Jewell County","KS",20089,20
"Jim Hogg County","TX",48247,48
"Jim Wells County","TX",48249,48
"Jo Daviess County","IL",17085,17
"Johnson County","IL",17087,17
"Johnson County","IN",18081,18
"Johnson County","KS",20091,20
"Johnson County","KY",21115,21
"Johnson County","NE",31097,31
"Johnson County","TN",47091,47
"Johnson County","TX",48251,48
"Johnson County","WY",56019,56
"Johnston County","NC",37101,37
"Johnston County","OK",40069,40
"Jones County","NC",37103,37
"Jones County","SD",46075,46
"Jones County","TX",48253,48
"Josephine County","OR",41033,41
"Juab County","UT",49023,49
"Judith Basin County","MT",30045,30
"Juniata County","PA",42067,42
"Kalamazoo County","MI",26077,26
"Kalkaska County","MI",26079,26
"Kanabec County","MN",27065,27
"Kanawha County","WV",54039,54
"Kandiyohi County","MN",27067,27
"Kane County","IL",17089,17
"Kane County","UT",49025,49
"Kankakee County","IL",17091,17
"Karnes County","TX",48255,48
"Kaufman County","TX",48257,48
"Kay County","OK",40071,40
"Kearney County","NE",31099,31
"Kearny County","KS",20093,20
"Keith County","NE",31101,31
"Kendall County","IL",17093,17
"Kendall County","TX",48259,48
"Kenedy County","TX",48261,48
"Kent County","DE",10001,10
"Kent County","MD",24029,24
"Kent County","MI",26081,26
"Kent County","RI",44003,44
"Kent County","TX",48263,48
"Kenton County","KY",21117,21
"Kerr County","TX",48265,48
"Kershaw County","SC",45055,45
"Keweenaw County","MI",26083,26
"Keya Paha County","NE",31103,31
"Kidder County","ND",38043,38
"Kimball County","NE",31105,31
"Kimble County","TX",48267,48
"King and Queen County","VA",51097,51
"King County","TX",48269,48
"King County","WA",53033,53
"King George County","VA",51099,51
"King William County","VA",51101,51
"Kingfisher County","OK",40073,40
"Kingman County","KS",20095,20
"Kings County","NY",36047,36
"Kingsbury County","SD",46077,46
"Kinney County","TX",48271,48
"Kiowa County","KS",20097,20
"Kiowa County","OK",40075,40
"Kitsap County","WA",53035,53
"Kittitas County","WA",53037,53
"Kittson County","MN",27069,27
"Klamath County","OR",41035,41
"Kleberg County","TX",48273,48
"Klickitat County","WA",53039,53
"Knott County","KY",21119,21
"Knox County","IL",17095,17
"Knox County","IN",18083,18
"Knox County","KY",21121,21
"Knox County","NE",31107,31
"Knox County","OH",39083,39
"Knox County","TN",47093,47
"Knox County","TX",48275,48
"Koochiching County","MN",27071,27
"Kootenai County","ID",16055,16
"Kosciusko County","IN",18085,18
"La Salle County","IL",17099,17
"La Salle County","TX",48283,48
"La Salle Parish","LA",22059,22
"Labette County","KS",20099,20
"Lac qui Parle County","MN",27073,27
"Lackawanna County","PA",42069,42
"Lafayette County","FL",12067,12
"Lafayette Parish","LA",22055,22
"Lafourche Parish","LA",22057,22
"LaGrange County","IN",18087,18
"Lake County","FL",12069,12
"Lake County","IL",17097,17
"Lake County","IN",18089,18
"Lake County","MI",26085,26
"Lake County","MN",27075,27
"Lake County","MT",30047,30
"Lake County","OH",39085,39
"Lake County","OR",41037,41
"Lake County","SD",46079,46
"Lake County","TN",47095,47
"Lake of the Woods County","MN",27077,27
"Lamar County","TX",48277,48
"Lamb County","TX",48279,48
"LaMoure County","ND",38045,38
"Lampasas County","TX",48281,48
"Lancaster County","NE",31109,31
"Lancaster County","PA",42071,42
"Lancaster County","SC",45057,45
"Lancaster County","VA",51103,51
"Lander County","NV",32015,32
"Lane County","KS",20101,20
"Lane County","OR",41039,41
"Lapeer County","MI",26087,26
"LaPorte County","IN",18091,18
"Laramie County","WY",56021,56
"Larue County","KY",21123,21
"Latah County","ID",16057,16
"Latimer County","OK",40077,40
"Lauderdale County","TN",47097,47
"Laurel County","KY",21125,21
"Laurens County","SC",45059,45
"Lavaca County","TX",48285,48
"Lawrence County","IL",17101,17
"Lawrence County","IN",18093,18
"Lawrence County","KY",21127,21
"Lawrence County","OH",39087,39
"Lawrence County","PA",42073,42
"Lawrence County","SD",46081,46
"Lawrence County","TN",47099,47
"Le Flore County","OK",40079,40
"Le Sueur County","MN",27079,27
"Lea County","NM",35025,35
"Leavenworth County","KS",20103,20
"Lebanon County","PA",42075,42
"Lee County","FL",12071,12
"Lee County","IL",17103,17
"Lee County","KY",21129,21
"Lee County","NC",37105,37
"Lee County","SC",45061,45
"Lee County","TX",48287,48
"Lee County","VA",51105,51
"Leelanau County","MI",26089,26
"Lehigh County","PA",42077,42
"Lemhi County","ID",16059,16
"Lenawee County","MI",26091,26
"Lenoir County","NC",37107,37
"Leon County","FL",12073,12
"Leon County","TX",48289,48
"Leslie County","KY",21131,21
"Letcher County","KY",21133,21
"Levy County","FL",12075,12
"Lewis and Clark County","MT",30049,30
"Lewis County","ID",16061,16
"Lewis County","KY",21135,21
"Lewis County","NY",36049,36
"Lewis County","TN",47101,47
"Lewis County","WA",53041,53
"Lewis County","WV",54041,54
"Lexington city","VA",51678,51
"Lexington County","SC",45063,45
"Liberty County","FL",12077,12
"Liberty County","MT",30051,30
"Liberty County","TX",48291,48
"Licking County","OH",39089,39
"Limestone County","TX",48293,48
"Lincoln County","ID",16063,16
"Lincoln County","KS",20105,20
"Lincoln County","KY",21137,21
"Lincoln County","MN",27081,27
"Lincoln County","MT",30053,30
"Lincoln County","NC",37109,37
"Lincoln County","NE",31111,31
"Lincoln County","NM",35027,35
"Lincoln County","NV",32017,32
"Lincoln County","OK",40081,40
"Lincoln County","OR",41041,41
"Lincoln County","SD",46083,46
"Lincoln County","TN",47103,47
"Lincoln County","WA",53043,53
"Lincoln County","WV",54043,54
"Lincoln County","WY",56023,56
"Lincoln Parish","LA",22061,22
"Linn County","KS",20107,20
"Linn County","OR",41043,41
"Lipscomb County","TX",48295,48
"Live Oak County","TX",48297,48
"Livingston County","IL",17105,17
"Livingston County","KY",21139,21
"Livingston County","MI",26093,26
"Livingston County","NY",36051,36
"Livingston Parish","LA",22063,22
"Llano County","TX",48299,48
"Logan County","IL",17107,17
"Logan County","KS",20109,20
"Logan County","KY",21141,21
"Logan County","ND",38047,38
"Logan County","NE",31113,31
"Logan County","OH",39091,39
"Logan County","OK",40083,40
"Logan County","WV",54045,54
"Lorain County","OH",39093,39
"Los Alamos County","NM",35028,35
"Loudon County","TN",47105,47
"Loudoun County","VA",51107,51
"Louisa County","VA",51109,51
"Loup County","NE",31115,31
"Love County","OK",40085,40
"Loving County","TX",48301,48
"Lubbock County","TX",48303,48
"Lucas County","OH",39095,39
"Luce County","MI",26095,26
"Luna County","NM",35029,35
"Lunenburg County","VA",51111,51
"Luzerne County","PA",42079,42
"Lycoming County","PA",42081,42
"Lyman County","SD",46085,46
"Lynchburg city","VA",51680,51
"Lynn County","TX",48305,48
"Lyon County","KS",20111,20
"Lyon County","KY",21143,21
"Lyon County","MN",27083,27
"Lyon County","NV",32019,32
"Mackinac County","MI",26097,26
"Macomb County","MI",26099,26
"Macon County","IL",17115,17
"Macon County","NC",37113,37
"Macon County","TN",47111,47
"Macoupin County","IL",17117,17
"Madison County","FL",12079,12
"Madison County","ID",16065,16
"Madison County","IL",17119,17
"Madison County","IN",18095,18
"Madison County","KY",21151,21
"Madison County","MT",30057,30
"Madison County","NC",37115,37
"Madison County","NE",31119,31
"Madison County","NY",36053,36
"Madison County","OH",39097,39
"Madison County","TN",47113,47
"Madison County","TX",48313,48
"Madison County","VA",51113,51
"Madison Parish","LA",22065,22
"Magoffin County","KY",21153,21
"Mahnomen County","MN",27087,27
"Mahoning County","OH",39099,39
"Major County","OK",40093,40
"Malheur County","OR",41045,41
"Manassas city","VA",51683,51
"Manassas Park city","VA",51685,51
"Manatee County","FL",12081,12
"Manistee County","MI",26101,26
"Marion County","FL",12083,12
"Marion County","IL",17121,17
"Marion County","IN",18097,18
"Marion County","KS",20115,20
"Marion County","KY",21155,21
"Marion County","OH",39101,39
"Marion County","OR",41047,41
"Marion County","SC",45067,45
"Marion County","TN",47115,47
"Marion County","TX",48315,48
"Marion County","WV",54049,54
"Marlboro County","SC",45069,45
"Marquette County","MI",26103,26
"Marshall County","IL",17123,17
"Marshall County","IN",18099,18
"Marshall County","KS",20117,20
"Marshall County","KY",21157,21
"Marshall County","MN",27089,27
"Marshall County","OK",40095,40
"Marshall County","SD",46091,46
"Marshall County","TN",47117,47
"Marshall County","WV",54051,54
"Martin County","FL",12085,12
"Martin County","IN",18101,18
"Martin County","KY",21159,21
"Martin County","MN",27091,27
"Martin County","NC",37117,37
"Martin County","TX",48317,48
"Martinsville city","VA",51690,51
"Mason County","IL",17125,17
"Mason County","KY",21161,21
"Mason County","MI",26105,26
"Mason County","TX",48319,48
"Mason County","WA",53045,53
"Mason County","WV",54053,54
"Massac County","IL",17127,17
"Matagorda County","TX",48321,48
"Mathews County","VA",51115,51
"Maury County","TN",47119,47
"Maverick County","TX",48323,48
"Mayes County","OK",40097,40
"McClain County","OK",40087,40
"McCone County","MT",30055,30
"McCook County","SD",46087,46
"McCormick County","SC",45065,45
"McCracken County","KY",21145,21
"McCreary County","KY",21147,21
"McCulloch County","TX",48307,48
"McCurtain County","OK",40089,40
"McDonough County","IL",17109,17
"McDowell County","NC",37111,37
"McDowell County","WV",54047,54
"McHenry County","IL",17111,17
"McHenry County","ND",38049,38
"McIntosh County","ND",38051,38
"McIntosh County","OK",40091,40
"McKean County","PA",42083,42
"McKenzie County","ND",38053,38
"McKinley County","NM",35031,35
"McLean County","IL",17113,17
"McLean County","KY",21149,21
"McLean County","ND",38055,38
"McLennan County","TX",48309,48
"McLeod County","MN",27085,27
"McMinn County","TN",47107,47
"McMullen County","TX",48311,48
"McNairy County","TN",47109,47
"McPherson County","KS",20113,20
"McPherson County","NE",31117,31
"McPherson County","SD",46089,46
"Meade County","KS",20119,20
"Meade County","KY",21163,21
"Meade County","SD",46093,46
"Meagher County","MT",30059,30
"Mecklenburg County","NC",37119,37
"Mecklenburg County","VA",51117,51
"Mecosta County","MI",26107,26
"Medina County","OH",39103,39
"Medina County","TX",48325,48
"Meeker County","MN",27093,27
"Meigs County","OH",39105,39
"Meigs County","TN",47121,47
"Mellette County","SD",46095,46
"Menard County","IL",17129,17
"Menard County","TX",48327,48
"Menifee County","KY",21165,21
"Menominee County","MI",26109,26
"Mercer County","IL",17131,17
"Mercer County","KY",21167,21
"Mercer County","ND",38057,38
"Mercer County","NJ",34021,34
"Mercer County","OH",39107,39
"Mercer County","PA",42085,42
"Mercer County","WV",54055,54
"Merrick County","NE",31121,31
"Metcalfe County","KY",21169,21
"Miami-Dade County","FL",12086,12
"Miami County","IN",18103,18
"Miami County","KS",20121,20
"Miami County","OH",39109,39
"Middlesex County","MA",25017,25
"Middlesex County","NJ",34023,34
"Middlesex County","VA",51119,51
"Midland County","MI",26111,26
"Midland County","TX",48329,48
"Mifflin County","PA",42087,42
"Milam County","TX",48331,48
"Millard County","UT",49027,49
"Mille Lacs County","MN",27095,27
"Mills County","TX",48333,48
"Miner County","SD",46097,46
"Mineral County","MT",30061,30
"Mineral County","NV",32021,32
"Mineral County","WV",54057,54
"Mingo County","WV",54059,54
"Minidoka County","ID",16067,16
"Minnehaha County","SD",46099,46
"Missaukee County","MI",26113,26
"Missoula County","MT",30063,30
"Mitchell County","KS",20123,20
"Mitchell County","NC",37121,37
"Mitchell County","TX",48335,48
"Monmouth County","NJ",34025,34
"Monongalia County","WV",54061,54
"Monroe County","FL",12087,12
"Monroe County","IL",17133,17
"Monroe County","IN",18105,18
"Monroe County","KY",21171,21
"Monroe County","MI",26115,26
"Monroe County","NY",36055,36
"Monroe County","OH",39111,39
"Monroe County","PA",42089,42
"Monroe County","TN",47123,47
"Monroe County","WV",54063,54
"Montague County","TX",48337,48
"Montcalm County","MI",26117,26
"Montgomery County","IL",17135,17
"Montgomery County","IN",18107,18
"Montgomery County","KS",20125,20
"Montgomery County","KY",21173,21
"Montgomery County","MD",24031,24
"Montgomery County","NC",37123,37
"Montgomery County","NY",36057,36
"Montgomery County","OH",39113,39
"Montgomery County","PA",42091,42
"Montgomery County","TN",47125,47
"Montgomery County","TX",48339,48
"Montgomery County","VA",51121,51
"Montmorency County","MI",26119,26
"Montour County","PA",42093,42
"Moody County","SD",46101,46
"Moore County","NC",37125,37
"Moore County","TN",47127,47
"Moore County","TX",48341,48
"Mora County","NM",35033,35
"Morehouse Parish","LA",22067,22
"Morgan County","IL",17137,17
"Morgan County","IN",18109,18
"Morgan County","KY",21175,21
"Morgan County","OH",39115,39
"Morgan County","TN",47129,47
"Morgan County","UT",49029,49
"Morgan County","WV",54065,54
"Morrill County","NE",31123,31
"Morris County","KS",20127,20
"Morris County","NJ",34027,34
"Morris County","TX",48343,48
"Morrison County","MN",27097,27
"Morrow County","OH",39117,39
"Morrow County","OR",41049,41
"Morton County","KS",20129,20
"Morton County","ND",38059,38
"Motley County","TX",48345,48
"Moultrie County","IL",17139,17
"Mountrail County","ND",38061,38
"Mower County","MN",27099,27
"Muhlenberg County","KY",21177,21
"Multnomah County","OR",41051,41
"Murray County","MN",27101,27
"Murray County","OK",40099,40
"Muskegon County","MI",26121,26
"Muskingum County","OH",39119,39
"Muskogee County","OK",40101,40
"Musselshell County","MT",30065,30
"Nacogdoches County","TX",48347,48
"Nance County","NE",31125,31
"Nantucket County","MA",25019,25
"Nash County","NC",37127,37
"Nassau County","FL",12089,12
"Nassau County","NY",36059,36
"Natchitoches Parish","LA",22069,22
"Natrona County","WY",56025,56
"Navarro County","TX",48349,48
"Nelson County","KY",21179,21
"Nelson County","ND",38063,38
"Nelson County","VA",51125,51
"Nemaha County","KS",20131,20
"Nemaha County","NE",31127,31
"Neosho County","KS",20133,20
"Ness County","KS",20135,20
"New Castle County","DE",10003,10
"New Hanover County","NC",37129,37
"New Kent County","VA",51127,51
"New York County","NY",36061,36
"Newaygo County","MI",26123,26
"Newberry County","SC",45071,45
"Newport County","RI",44005,44
"Newport News city","VA",51700,51
"Newton County","IN",18111,18
"Newton County","TX",48351,48
"Nez Perce County","ID",16069,16
"Niagara County","NY",36063,36
"Nicholas County","KY",21181,21
"Nicholas County","WV",54067,54
"Nicollet County","MN",27103,27
"Niobrara County","WY",56027,56
"Noble County","IN",18113,18
"Noble County","OH",39121,39
"Noble County","OK",40103,40
"Nobles County","MN",27105,27
"Nolan County","TX",48353,48
"Norfolk city","VA",51710,51
"Norfolk County","MA",25021,25
"Norman County","MN",27107,27
"Northampton County","NC",37131,37
"Northampton County","PA",42095,42
"Northampton County","VA",51131,51
"Northumberland County","PA",42097,42
"Northumberland County","VA",51133,51
"Norton city","VA",51720,51
"Norton County","KS",20137,20
"Nottoway County","VA",51135,51
"Nowata County","OK",40105,40
"Nuckolls County","NE",31129,31
"Nueces County","TX",48355,48
"Nye County","NV",32023,32
"Oakland County","MI",26125,26
"Obion County","TN",47131,47
"Ocean County","NJ",34029,34
"Oceana County","MI",26127,26
"Ochiltree County","TX",48357,48
"Oconee County","SC",45073,45
"Ogemaw County","MI",26129,26
"Ogle County","IL",17141,17
"Ohio County","IN",18115,18
"Ohio County","KY",21183,21
"Ohio County","WV",54069,54
"Okaloosa County","FL",12091,12
"Okanogan County","WA",53047,53
"Okeechobee County","FL",12093,12
"Okfuskee County","OK",40107,40
"Oklahoma County","OK",40109,40
"Okmulgee County","OK",40111,40
"Oldham County","KY",21185,21
"Oldham County","TX",48359,48
"Oliver County","ND",38065,38
"Olmsted County","MN",27109,27
"Oneida County","ID",16071,16
"Oneida County","NY",36065,36
"Onondaga County","NY",36067,36
"Onslow County","NC",37133,37
"Ontario County","NY",36069,36
"Ontonagon County","MI",26131,26
"Orange County","FL",12095,12
"Orange County","IN",18117,18
"Orange County","NC",37135,37
"Orange County","NY",36071,36
"Orange County","TX",48361,48
"Orange County","VA",51137,51
"Orangeburg County","SC",45075,45
"Orleans County","NY",36073,36
"Orleans Parish","LA",22071,22
"Osage County","KS",20139,20
"Osage County","OK",40113,40
"Osborne County","KS",20141,20
"Osceola County","FL",12097,12
"Osceola County","MI",26133,26
"Oscoda County","MI",26135,26
"Oswego County","NY",36075,36
"Otero County","NM",35035,35
"Otoe County","NE",31131,31
"Otsego County","MI",26137,26
"Otsego County","NY",36077,36
"Ottawa County","KS",20143,20
"Ottawa County","MI",26139,26
"Ottawa County","OH",39123,39
"Ottawa County","OK",40115,40
"Otter Tail County","MN",27111,27
"Ouachita Parish","LA",22073,22
"Overton County","TN",47133,47
"Owen County","IN",18119,18
"Owen County","KY",21187,21
"Owsley County","KY",21189,21
"Owyhee County","ID",16073,16
"Pacific County","WA",53049,53
"Page County","VA",51139,51
"Palm Beach County","FL",12099,12
"Palo Pinto County","TX",48363,48
"Pamlico County","NC",37137,37
"Panola County","TX",48365,48
"Park County","MT",30067,30
"Park County","WY",56029,56
"Parke County","IN",18121,18
"Parker County","TX",48367,48
"Parmer County","TX",48369,48
"Pasco County","FL",12101,12
"Pasquotank County","NC",37139,37
"Passaic County","NJ",34031,34
"Patrick County","VA",51141,51
"Paulding County","OH",39125,39
"Pawnee County","KS",20145,20
"Pawnee County","NE",31133,31
"Pawnee County","OK",40117,40
"Payette County","ID",16075,16
"Payne County","OK",40119,40
"Pecos County","TX",48371,48
"Pembina County","ND",38067,38
"Pend Oreille County","WA",53051,53
"Pender County","NC",37141,37
"Pendleton County","KY",21191,21
"Pendleton County","WV",54071,54
"Pennington County","MN",27113,27
"Pennington County","SD",46103,46
"Peoria County","IL",17143,17
"Perkins County","NE",31135,31
"Perkins County","SD",46105,46
"Perquimans County","NC",37143,37
"Perry County","IL",17145,17
"Perry County","IN",18123,18
"Perry County","KY",21193,21
"Perry County","OH",39127,39
"Perry County","PA",42099,42
"Perry County","TN",47135,47
"Pershing County","NV",32027,32
"Person County","NC",37145,37
"Petersburg city","VA",51730,51
"Petroleum County","MT",30069,30
"Phelps County","NE",31137,31
"Philadelphia County","PA",42101,42
"Phillips County","KS",20147,20
"Phillips County","MT",30071,30
"Piatt County","IL",17147,17
"Pickaway County","OH",39129,39
"Pickens County","SC",45077,45
"Pickett County","TN",47137,47
"Pierce County","ND",38069,38
"Pierce County","NE",31139,31
"Pierce County","WA",53053,53
"Pike County","IL",17149,17
"Pike County","IN",18125,18
"Pike County","KY",21195,21
"Pike County","OH",39131,39
"Pike County","PA",42103,42
"Pine County","MN",27115,27
"Pinellas County","FL",12103,12
"Pipestone County","MN",27117,27
"Pitt County","NC",37147,37
"Pittsburg County","OK",40121,40
"Pittsylvania County","VA",51143,51
"Piute County","UT",49031,49
"Plaquemines Parish","LA",22075,22
"Platte County","NE",31141,31
"Platte County","WY",56031,56
"Pleasants County","WV",54073,54
"Plymouth County","MA",25023,25
"Pocahontas County","WV",54075,54
"Pointe Coupee Parish","LA",22077,22
"Polk County","FL",12105,12
"Polk County","MN",27119,27
"Polk County","NC",37149,37
"Polk County","NE",31143,31
"Polk County","OR",41053,41
"Polk County","TN",47139,47
"Polk County","TX",48373,48
"Pondera County","MT",30073,30
"Pontotoc County","OK",40123,40
"Pope County","IL",17151,17
"Pope County","MN",27121,27
"Poquoson city","VA",51735,51
"Portage County","OH",39133,39
"Porter County","IN",18127,18
"Portsmouth city","VA",51740,51
"Posey County","IN",18129,18
"Pottawatomie County","KS",20149,20
"Pottawatomie County","OK",40125,40
"Potter County","PA",42105,42
"Potter County","SD",46107,46
"Potter County","TX",48375,48
"Powder River County","MT",30075,30
"Powell County","KY",21197,21
"Powell County","MT",30077,30
"Power County","ID",16077,16
"Powhatan County","VA",51145,51
"Prairie County","MT",30079,30
"Pratt County","KS",20151,20
"Preble County","OH",39135,39
"Presidio County","TX",48377,48
"Presque Isle County","MI",26141,26
"Preston County","WV",54077,54
"Prince Edward County","VA",51147,51
"Prince George's County","MD",24033,24
"Prince George County","VA",51149,51
"Prince William County","VA",51153,51
"Providence County","RI",44007,44
"Pulaski County","IL",17153,17
"Pulaski County","IN",18131,18
"Pulaski County","KY",21199,21
"Pulaski County","VA",51155,51
"Pushmataha County","OK",40127,40
"Putnam County","FL",12107,12
"Putnam County","IL",17155,17
"Putnam County","IN",18133,18
"Putnam County","NY",36079,36
"Putnam County","OH",39137,39
"Putnam County","TN",47141,47
"Putnam County","WV",54079,54
"Quay County","NM",35037,35
"Queen Anne's County","MD",24035,24
"Queens County","NY",36081,36
"Radford city","VA",51750,51
"Rains County","TX",48379,48
"Raleigh County","WV",54081,54
"Ramsey County","MN",27123,27
"Ramsey County","ND",38071,38
"Randall County","TX",48381,48
"Randolph County","IL",17157,17
"Randolph County","IN",18135,18
"Randolph County","NC",37151,37
"Randolph County","WV",54083,54
"Ransom County","ND",38073,38
"Rapides Parish","LA",22079,22
"Rappahannock County","VA",51157,51
"Ravalli County","MT",30081,30
"Rawlins County","KS",20153,20
"Reagan County","TX",48383,48
"Real County","TX",48385,48
"Red Lake County","MN",27125,27
"Red River County","TX",48387,48
"Red River Parish","LA",22081,22
"Red Willow County","NE",31145,31
"Redwood County","MN",27127,27
"Reeves County","TX",48389,48
"Refugio County","TX",48391,48
"Reno County","KS",20155,20
"Rensselaer County","NY",36083,36
"Renville County","MN",27129,27
"Renville County","ND",38075,38
"Republic County","KS",20157,20
"Rhea County","TN",47143,47
"Rice County","KS",20159,20
"Rice County","MN",27131,27
"Rich County","UT",49033,49
"Richardson County","NE",31147,31
"Richland County","IL",17159,17
"Richland County","MT",30083,30
"Richland County","ND",38077,38
"Richland County","OH",39139,39
"Richland County","SC",45079,45
"Richland Parish","LA",22083,22
"Richmond city","VA",51760,51
"Richmond County","NC",37153,37
"Richmond County","NY",36085,36
"Richmond County","VA",51159,51
"Riley County","KS",20161,20
"Rio Arriba County","NM",35039,35
"Ripley County","IN",18137,18
"Ritchie County","WV",54085,54
"Roane County","TN",47145,47
"Roane County","WV",54087,54
"Roanoke city","VA",51770,51
"Roanoke County","VA",51161,51
"Roberts County","SD",46109,46
"Roberts County","TX",48393,48
"Robertson County","KY",21201,21
"Robertson County","TN",47147,47
"Robertson County","TX",48395,48
"Robeson County","NC",37155,37
"Rock County","MN",27133,27
"Rock County","NE",31149,31
"Rock Island County","IL",17161,17
"Rockbridge County","VA",51163,51
"Rockcastle County","KY",21203,21
"Rockingham County","NC",37157,37
"Rockingham County","VA",51165,51
"Rockland County","NY",36087,36
"Rockwall County","TX",48397,48
"Roger Mills County","OK",40129,40
"Rogers County","OK",40131,40
"Rolette County","ND",38079,38
"Rooks County","KS",20163,20
"Roosevelt County","MT",30085,30
"Roosevelt County","NM",35041,35
"Roscommon County","MI",26143,26
"Roseau County","MN",27135,27
"Rosebud County","MT",30087,30
"Ross County","OH",39141,39
"Rowan County","KY",21205,21
"Rowan County","NC",37159,37
"Runnels County","TX",48399,48
"Rush County","IN",18139,18
"Rush County","KS",20165,20
"Rusk County","TX",48401,48
"Russell County","KS",20167,20
"Russell County","KY",21207,21
"Russell County","VA",51167,51
"Rutherford County","NC",37161,37
"Rutherford County","TN",47149,47
"Sabine County","TX",48403,48
"Sabine Parish","LA",22085,22
"Saginaw County","MI",26145,26
"Salem city","VA",51775,51
"Salem County","NJ",34033,34
"Saline County","IL",17165,17
"Saline County","KS",20169,20
"Saline County","NE",31151,31
"Salt Lake County","UT",49035,49
"Saluda County","SC",45081,45
"Sampson County","NC",37163,37
"San Augustine County","TX",48405,48
"San Jacinto County","TX",48407,48
"San Juan County","NM",35045,35
"San Juan County","UT",49037,49
"San Juan County","WA",53055,53
"San Miguel County","NM",35047,35
"San Patricio County","TX",48409,48
"San Saba County","TX",48411,48
"Sanborn County","SD",46111,46
"Sanders County","MT",30089,30
"Sandoval County","NM",35043,35
"Sandusky County","OH",39143,39
"Sangamon County","IL",17167,17
"Sanilac County","MI",26151,26
"Sanpete County","UT",49039,49
"Santa Fe County","NM",35049,35
"Santa Rosa County","FL",12113,12
"Sarasota County","FL",12115,12
"Saratoga County","NY",36091,36
"Sargent County","ND",38081,38
"Sarpy County","NE",31153,31
"Saunders County","NE",31155,31
"Schenectady County","NY",36093,36
"Schleicher County","TX",48413,48
"Schoharie County","NY",36095,36
"Schoolcraft County","MI",26153,26
"Schuyler County","IL",17169,17
"Schuyler County","NY",36097,36
"Schuylkill County","PA",42107,42
"Scioto County","OH",39145,39
"Scotland County","NC",37165,37
"Scott County","IL",17171,17
"Scott County","IN",18143,18
"Scott County","KS",20171,20
"Scott County","KY",21209,21
"Scott County","MN",27139,27
"Scott County","TN",47151,47
"Scott County","VA",51169,51
"Scotts Bluff County","NE",31157,31
"Scurry County","TX",48415,48
"Sedgwick County","KS",20173,20
"Seminole County","FL",12117,12
"Seminole County","OK",40133,40
"Seneca County","NY",36099,36
"Seneca County","OH",39147,39
"Sequatchie County","TN",47153,47
"Sequoyah County","OK",40135,40
"Sevier County","TN",47155,47
"Sevier County","UT",49041,49
"Seward County","KS",20175,20
"Seward County","NE",31159,31
"Shackelford County","TX",48417,48
"Shannon County","SD",46113,46
"Shawnee County","KS",20177,20
"Shelby County","IL",17173,17
"Shelby County","IN",18145,18
"Shelby County","KY",21211,21
"Shelby County","OH",39149,39
"Shelby County","TN",47157,47
"Shelby County","TX",48419,48
"Shenandoah County","VA",51171,51
"Sherburne County","MN",27141,27
"Sheridan County","KS",20179,20
"Sheridan County","MT",30091,30
"Sheridan County","ND",38083,38
"Sheridan County","NE",31161,31
"Sheridan County","WY",56033,56
"Sherman County","KS",20181,20
"Sherman County","NE",31163,31
"Sherman County","OR",41055,41
"Sherman County","TX",48421,48
"Shiawassee County","MI",26155,26
"Shoshone County","ID",16079,16
"Sibley County","MN",27143,27
"Sierra County","NM",35051,35
"Silver Bow County","MT",30093,30
"Simpson County","KY",21213,21
"Sioux County","ND",38085,38
"Sioux County","NE",31165,31
"Skagit County","WA",53057,53
"Skamania County","WA",53059,53
"Slope County","ND",38087,38
"Smith County","KS",20183,20
"Smith County","TN",47159,47
"Smith County","TX",48423,48
"Smyth County","VA",51173,51
"Snohomish County","WA",53061,53
"Snyder County","PA",42109,42
"Socorro County","NM",35053,35
"Somerset County","MD",24039,24
"Somerset County","NJ",34035,34
"Somerset County","PA",42111,42
"Somervell County","TX",48425,48
"Southampton County","VA",51175,51
"Spartanburg County","SC",45083,45
"Spencer County","IN",18147,18
"Spencer County","KY",21215,21
"Spink County","SD",46115,46
"Spokane County","WA",53063,53
"Spotsylvania County","VA",51177,51
"St. Bernard Parish","LA",22087,22
"St. Charles Parish","LA",22089,22
"St. Clair County","IL",17163,17
"St. Clair County","MI",26147,26
"St. Helena Parish","LA",22091,22
"St. James Parish","LA",22093,22
"St. John the Baptist Parish","LA",22095,22
"St. Johns County","FL",12109,12
"St. Joseph County","IN",18141,18
"St. Joseph County","MI",26149,26
"St. Landry Parish","LA",22097,22
"St. Lawrence County","NY",36089,36
"St. Louis County","MN",27137,27
"St. Lucie County","FL",12111,12
"St. Martin Parish","LA",22099,22
"St. Mary's County","MD",24037,24
"St. Mary Parish","LA",22101,22
"St. Tammany Parish","LA",22103,22
"Stafford County","KS",20185,20
"Stafford County","VA",51179,51
"Stanley County","SD",46117,46
"Stanly County","NC",37167,37
"Stanton County","KS",20187,20
"Stanton County","NE",31167,31
"Stark County","IL",17175,17
"Stark County","ND",38089,38
"Stark County","OH",39151,39
"Starke County","IN",18149,18
"Starr County","TX",48427,48
"Staunton city","VA",51790,51
"Stearns County","MN",27145,27
"Steele County","MN",27147,27
"Steele County","ND",38091,38
"Stephens County","OK",40137,40
"Stephens County","TX",48429,48
"Stephenson County","IL",17177,17
"Sterling County","TX",48431,48
"Steuben County","IN",18151,18
"Steuben County","NY",36101,36
"Stevens County","KS",20189,20
"Stevens County","MN",27149,27
"Stevens County","WA",53065,53
"Stewart County","TN",47161,47
"Stillwater County","MT",30095,30
"Stokes County","NC",37169,37
"Stonewall County","TX",48433,48
"Storey County","NV",32029,32
"Stutsman County","ND",38093,38
"Sublette County","WY",56035,56
"Suffolk city","VA",51800,51
"Suffolk County","MA",25025,25
"Suffolk County","NY",36103,36
"Sullivan County","IN",18153,18
"Sullivan County","NY",36105,36
"Sullivan County","PA",42113,42
"Sullivan County","TN",47163,47
"Sully County","SD",46119,46
"Summers County","WV",54089,54
"Summit County","OH",39153,39
"Summit County","UT",49043,49
"Sumner County","KS",20191,20
"Sumner County","TN",47165,47
"Sumter County","FL",12119,12
"Sumter County","SC",45085,45
"Surry County","NC",37171,37
"Surry County","VA",51181,51
"Susquehanna County","PA",42115,42
"Sussex County","DE",10005,10
"Sussex County","NJ",34037,34
"Sussex County","VA",51183,51
"Sutton County","TX",48435,48
"Suwannee County","FL",12121,12
"Swain County","NC",37173,37
"Sweet Grass County","MT",30097,30
"Sweetwater County","WY",56037,56
"Swift County","MN",27151,27
"Swisher County","TX",48437,48
"Switzerland County","IN",18155,18
"Talbot County","MD",24041,24
"Tangipahoa Parish","LA",22105,22
"Taos County","NM",35055,35
"Tarrant County","TX",48439,48
"Taylor County","FL",12123,12
"Taylor County","KY",21217,21
"Taylor County","TX",48441,48
"Taylor County","WV",54091,54
"Tazewell County","IL",17179,17
"Tazewell County","VA",51185,51
"Tensas Parish","LA",22107,22
"Terrebonne Parish","LA",22109,22
"Terrell County","TX",48443,48
"Terry County","TX",48445,48
"Teton County","ID",16081,16
"Teton County","MT",30099,30
"Teton County","WY",56039,56
"Texas County","OK",40139,40
"Thayer County","NE",31169,31
"Thomas County","KS",20193,20
"Thomas County","NE",31171,31
"Throckmorton County","TX",48447,48
"Thurston County","NE",31173,31
"Thurston County","WA",53067,53
"Tillamook County","OR",41057,41
"Tillman County","OK",40141,40
"Tioga County","NY",36107,36
"Tioga County","PA",42117,42
"Tippecanoe County","IN",18157,18
"Tipton County","IN",18159,18
"Tipton County","TN",47167,47
"Titus County","TX",48449,48
"Todd County","KY",21219,21
"Todd County","MN",27153,27
"Todd County","SD",46121,46
"Tom Green County","TX",48451,48
"Tompkins County","NY",36109,36
"Tooele County","UT",49045,49
"Toole County","MT",30101,30
"Torrance County","NM",35057,35
"Towner County","ND",38095,38
"Traill County","ND",38097,38
"Transylvania County","NC",37175,37
"Traverse County","MN",27155,27
"Travis County","TX",48453,48
"Treasure County","MT",30103,30
"Trego County","KS",20195,20
"Trigg County","KY",21221,21
"Trimble County","KY",21223,21
"Trinity County","TX",48455,48
"Tripp County","SD",46123,46
"Trousdale County","TN",47169,47
"Trumbull County","OH",39155,39
"Tucker County","WV",54093,54
"Tulsa County","OK",40143,40
"Turner County","SD",46125,46
"Tuscarawas County","OH",39157,39
"Tuscola County","MI",26157,26
"Twin Falls County","ID",16083,16
"Tyler County","TX",48457,48
"Tyler County","WV",54095,54
"Tyrrell County","NC",37177,37
"Uinta County","WY",56041,56
"Uintah County","UT",49047,49
"Ulster County","NY",36111,36
"Umatilla County","OR",41059,41
"Unicoi County","TN",47171,47
"Union County","FL",12125,12
"Union County","IL",17181,17
"Union County","IN",18161,18
"Union County","KY",21225,21
"Union County","NC",37179,37
"Union County","NJ",34039,34
"Union County","NM",35059,35
"Union County","OH",39159,39
"Union County","OR",41061,41
"Union County","PA",42119,42
"Union County","SC",45087,45
"Union County","SD",46127,46
"Union County","TN",47173,47
"Union Parish","LA",22111,22
"Upshur County","TX",48459,48
"Upshur County","WV",54097,54
"Upton County","TX",48461,48
"Utah County","UT",49049,49
"Uvalde County","TX",48463,48
"Val Verde County","TX",48465,48
"Valencia County","NM",35061,35
"Valley County","ID",16085,16
"Valley County","MT",30105,30
"Valley County","NE",31175,31
"Van Buren County","MI",26159,26
"Van Buren County","TN",47175,47
"Van Wert County","OH",39161,39
"Van Zandt County","TX",48467,48
"Vance County","NC",37181,37
"Vanderburgh County","IN",18163,18
"Venango County","PA",42121,42
"Vermilion County","IL",17183,17
"Vermilion Parish","LA",22113,22
"Vermillion County","IN",18165,18
"Vernon Parish","LA",22115,22
"Victoria County","TX",48469,48
"Vigo County","IN",18167,18
"Vinton County","OH",39163,39
"Virginia Beach city","VA",51810,51
"Volusia County","FL",12127,12
"Wabash County","IL",17185,17
"Wabash County","IN",18169,18
"Wabasha County","MN",27157,27
"Wabaunsee County","KS",20197,20
"Wadena County","MN",27159,27
"Wagoner County","OK",40145,40
"Wahkiakum County","WA",53069,53
"Wake County","NC",37183,37
"Wakulla County","FL",12129,12
"Walker County","TX",48471,48
"Walla Walla County","WA",53071,53
"Wallace County","KS",20199,20
"Waller County","TX",48473,48
"Wallowa County","OR",41063,41
"Walsh County","ND",38099,38
"Walton County","FL",12131,12
"Walworth County","SD",46129,46
"Ward County","ND",38101,38
"Ward County","TX",48475,48
"Warren County","IL",17187,17
"Warren County","IN",18171,18
"Warren County","KY",21227,21
"Warren County","NC",37185,37
"Warren County","NJ",34041,34
"Warren County","NY",36113,36
"Warren County","OH",39165,39
"Warren County","PA",42123,42
"Warren County","TN",47177,47
"Warren County","VA",51187,51
"Warrick County","IN",18173,18
"Wasatch County","UT",49051,49
"Wasco County","OR",41065,41
"Waseca County","MN",27161,27
"Washakie County","WY",56043,56
"Washington County","FL",12133,12
"Washington County","ID",16087,16
"Washington County","IL",17189,17
"Washington County","IN",18175,18
"Washington County","KS",20201,20
"Washington County","KY",21229,21
"Washington County","MD",24043,24
"Washington County","MN",27163,27
"Washington County","NC",37187,37
"Washington County","NE",31177,31
"Washington County","NY",36115,36
"Washington County","OH",39167,39
"Washington County","OK",40147,40
"Washington County","OR",41067,41
"Washington County","PA",42125,42
"Washington County","RI",44009,44
"Washington County","TN",47179,47
"Washington County","TX",48477,48
"Washington County","UT",49053,49
"Washington County","VA",51191,51
"Washington Parish","LA",22117,22
"Washita County","OK",40149,40
"Washoe County","NV",32031,32
"Washtenaw County","MI",26161,26
"Watauga County","NC",37189,37
"Watonwan County","MN",27165,27
"Wayne County","IL",17191,17
"Wayne County","IN",18177,18
"Wayne County","KY",21231,21
"Wayne County","MI",26163,26
"Wayne County","NC",37191,37
"Wayne County","NE",31179,31
"Wayne County","NY",36117,36
"Wayne County","OH",39169,39
"Wayne County","PA",42127,42
"Wayne County","TN",47181,47
"Wayne County","UT",49055,49
"Wayne County","WV",54099,54
"Waynesboro city","VA",51820,51
"Weakley County","TN",47183,47
"Webb County","TX",48479,48
"Weber County","UT",49057,49
"Webster County","KY",21233,21
"Webster County","NE",31181,31
"Webster County","WV",54101,54
"Webster Parish","LA",22119,22
"Wells County","IN",18179,18
"Wells County","ND",38103,38
"West Baton Rouge Parish","LA",22121,22
"West Carroll Parish","LA",22123,22
"West Feliciana Parish","LA",22125,22
"Westchester County","NY",36119,36
"Westmoreland County","PA",42129,42
"Westmoreland County","VA",51193,51
"Weston County","WY",56045,56
"Wetzel County","WV",54103,54
"Wexford County","MI",26165,26
"Wharton County","TX",48481,48
"Whatcom County","WA",53073,53
"Wheatland County","MT",30107,30
"Wheeler County","NE",31183,31
"Wheeler County","OR",41069,41
"Wheeler County","TX",48483,48
"White County","IL",17193,17
"White County","IN",18181,18
"White County","TN",47185,47
"White Pine County","NV",32033,32
"Whiteside County","IL",17195,17
"Whitley County","IN",18183,18
"Whitley County","KY",21235,21
"Whitman County","WA",53075,53
"Wibaux County","MT",30109,30
"Wichita County","KS",20203,20
"Wichita County","TX",48485,48
"Wicomico County","MD",24045,24
"Wilbarger County","TX",48487,48
"Wilkes County","NC",37193,37
"Wilkin County","MN",27167,27
"Will County","IL",17197,17
"Willacy County","TX",48489,48
"Williams County","ND",38105,38
"Williams County","OH",39171,39
"Williamsburg city","VA",51830,51
"Williamsburg County","SC",45089,45
"Williamson County","IL",17199,17
"Williamson County","TN",47187,47
"Williamson County","TX",48491,48
"Wilson County","KS",20205,20
"Wilson County","NC",37195,37
"Wilson County","TN",47189,47
"Wilson County","TX",48493,48
"Winchester city","VA",51840,51
"Winkler County","TX",48495,48
"Winn Parish","LA",22127,22
"Winnebago County","IL",17201,17
"Winona County","MN",27169,27
"Wirt County","WV",54105,54
"Wise County","TX",48497,48
"Wise County","VA",51195,51
"Wolfe County","KY",21237,21
"Wood County","OH",39173,39
"Wood County","TX",48499,48
"Wood County","WV",54107,54
"Woodford County","IL",17203,17
"Woodford County","KY",21239,21
"Woods County","OK",40151,40
"Woodson County","KS",20207,20
"Woodward County","OK",40153,40
"Worcester County","MA",25027,25
"Worcester County","MD",24047,24
"Wright County","MN",27171,27
"Wyandot County","OH",39175,39
"Wyandotte County","KS",20209,20
"Wyoming County","NY",36121,36
"Wyoming County","PA",42131,42
"Wyoming County","WV",54109,54
"Wythe County","VA",51197,51
"Yadkin County","NC",37197,37
"Yakima County","WA",53077,53
"Yamhill County","OR",41071,41
"Yancey County","NC",37199,37
"Yankton County","SD",46135,46
"Yates County","NY",36123,36
"Yellow Medicine County","MN",27173,27
"Yellowstone County","MT",30111,30
"Yoakum County","TX",48501,48
"York County","NE",31185,31
"York County","PA",42133,42
"York County","SC",45091,45
"York County","VA",51199,51
"Young County","TX",48503,48
"Zapata County","TX",48505,48
"Zavala County","TX",48507,48
"Ziebach County","SD",46137,46
